<?xml version="1.0" encoding="UTF-8" standalone="yes"?>
<addon
  id="plugin.video.binhbot.playlist"
  version="17.08.1986"
  name="[COLOR yellow][B]BinhBot[/COLOR][COLOR blue] Playlist[/B][/COLOR]"
  provider-name="binhbot">
  <requires>
    <import addon="xbmc.python" version="2.1.0"/>
    <import addon="script.module.xbmcswift2" version="0.0.7" />
    <import addon="plugin.video.youtube" version="4.4.1" />
    <import addon="script.module.httplib2" version="0.1" />
    <import addon="service.kodi4vn.maintenance" version="0.1" />
  </requires>
  <extension point="xbmc.python.pluginsource" library="default.py">
        <provides>video</provides>
  </extension>
  <extension point="xbmc.addon.metadata">
    <summary>AIO Media Center cho người Việt</summary>
    <description>Mã nguồn này copy của VnOpenlist, chỉ sử dụng với mục đích cá nhân. Xin cảm ơn tác giả!</description>
    <platform>all</platform>
  </extension>
</addon>